                  epoch,         train/box_loss,         train/cls_loss,         train/dfl_loss,   metrics/precision(B),      metrics/recall(B),       metrics/mAP50(B),    metrics/mAP50-95(B),           val/box_loss,           val/cls_loss,           val/dfl_loss,                 lr/pg0,                 lr/pg1,                 lr/pg2
                      1,                  4.316,                 273.64,                 2.6557,                      0,                      0,                      0,                      0,                 1.1882,                 168.98,                0.69256,                0.00325,                0.00325,                0.00325
                      2,                 4.8197,                  15.24,                 2.3545,                      0,                      0,                      0,                      0,                0.36185,                0.30645,                0.22607,              0.0065822,              0.0065822,              0.0065822
                      3,                 4.1588,                 3.0524,                 1.3347,                 0.0563,                0.09838,                0.01701,                0.00385,                 3.7066,                 4.5125,                 1.3058,              0.0099134,              0.0099134,              0.0099134
                      4,                 3.5857,                 2.6394,                 1.1948,                  0.096,                0.15079,                0.04137,                0.00816,                 3.5308,                    inf,                  1.272,              0.0099951,              0.0099951,              0.0099951
                      5,                 3.2085,                 2.2947,                 1.1014,                0.21122,                0.23128,                0.12468,                0.03416,                 2.8943,                 5.4219,                 1.1033,              0.0099951,              0.0099951,              0.0099951
                      6,                 3.0002,                 2.1426,                 1.0635,                0.23969,                0.27564,                 0.1446,                0.04111,                 2.8135,                 2.3323,                 1.0761,              0.0099934,              0.0099934,              0.0099934
                      7,                 2.8422,                 1.9256,                 1.0266,                0.37414,                0.26508,                0.21155,                0.06005,                 3.0361,                 2.9586,                 1.0809,              0.0099918,              0.0099918,              0.0099918
                      8,                 2.7422,                 1.8325,                 1.0091,                0.40822,                0.31799,                0.26774,                0.07395,                 2.7291,                 1.7717,                  1.036,              0.0099901,              0.0099901,              0.0099901
                      9,                 2.6465,                 1.7125,                0.99547,                 0.4309,                0.36944,                 0.3327,                0.11231,                 2.4984,                 1.6544,                 1.0052,              0.0099884,              0.0099884,              0.0099884
                     10,                 2.5766,                 1.6096,                0.98659,                0.56251,                0.41667,                0.43767,                0.15415,                 2.4501,                 1.5337,                0.99072,              0.0099868,              0.0099868,              0.0099868
                     11,                 2.5466,                 1.5641,                0.98145,                0.34196,                0.21596,                0.15804,                0.03717,                 3.3235,                 2.0824,                 1.1338,              0.0099851,              0.0099851,              0.0099851
                     12,                 2.4758,                 1.4954,                0.97121,                0.60796,                0.47031,                0.50005,                0.20164,                 2.2445,                 1.5047,                0.96926,              0.0099835,              0.0099835,              0.0099835
                     13,                 2.4289,                 1.4635,                0.96612,                0.46591,                0.35854,                0.33624,                 0.1171,                 2.4884,                 1.7766,                 1.0015,              0.0099819,              0.0099819,              0.0099819
                     14,                 2.3847,                 1.3953,                0.95819,                 0.6627,                0.53019,                0.57623,                0.21974,                 2.2935,                 1.3008,                0.95869,              0.0099802,              0.0099802,              0.0099802
                     15,                 2.3405,                  1.382,                0.95426,                0.16909,                0.15986,                0.07938,                0.01942,                 3.5477,                 2.4398,                 1.1465,              0.0099786,              0.0099786,              0.0099786
                     16,                 2.2685,                 1.3342,                0.94689,                0.41807,                0.31716,                 0.2714,                0.06885,                 3.0153,                 1.6497,                 1.0606,              0.0099769,              0.0099769,              0.0099769
                     17,                 2.2621,                 1.3087,                0.94108,                0.65637,                 0.5281,                0.57198,                0.22907,                 2.1238,                 1.2426,                0.95334,              0.0099753,              0.0099753,              0.0099753
                     18,                 2.2564,                 1.2939,                 0.9396,                0.42487,                0.34267,                0.28127,                0.06932,                 2.9815,                 1.6829,                 1.0703,              0.0099736,              0.0099736,              0.0099736
                     19,                 2.2166,                 1.2712,                 0.9328,                0.47018,                0.37545,                0.32477,                0.08516,                 2.8494,                 1.5689,                 1.0463,               0.009972,               0.009972,               0.009972
                     20,                  2.205,                 1.2624,                0.94459,                0.67835,                0.57383,                0.61226,                0.25229,                 2.0769,                 1.4358,                0.93506,              0.0099703,              0.0099703,              0.0099703
                     21,                 2.1972,                 1.2518,                0.93201,                0.68839,                0.57121,                0.61446,                0.23687,                 2.0865,                 1.1472,                0.93773,              0.0099687,              0.0099687,              0.0099687
                     22,                 2.1589,                 1.2206,                0.92809,                0.69408,                0.59635,                0.64826,                 0.2676,                 2.0192,                 1.1554,                0.93261,               0.009967,               0.009967,               0.009967
                     23,                 2.1486,                 1.2087,                0.92594,                0.44363,                0.35534,                0.29279,                0.07442,                 2.9872,                 2.3114,                 1.0725,              0.0099654,              0.0099654,              0.0099654
                     24,                 2.1376,                 1.1997,                 0.9269,                0.67907,                0.55794,                0.61366,                0.25305,                 2.0492,                 1.1628,                0.93512,              0.0099637,              0.0099637,              0.0099637
                     25,                 2.1385,                  1.197,                0.92917,                0.57174,                0.47509,                0.45294,                 0.1297,                 2.5832,                 1.4406,                 1.0225,              0.0099621,              0.0099621,              0.0099621
                     26,                 2.1042,                 1.1766,                0.91983,                0.53802,                0.38435,                0.37075,                0.11797,                  2.618,                 2.2992,                 1.0159,              0.0099604,              0.0099604,              0.0099604
                     27,                  2.092,                 1.1725,                0.91461,                 0.5177,                0.39488,                0.37961,                0.10764,                 2.7883,                 1.6399,                  1.052,              0.0099588,              0.0099588,              0.0099588
                     28,                 2.0806,                 1.1509,                 0.9155,                0.61151,                0.48691,                0.51241,                0.18431,                 2.2381,                 1.4667,                0.97207,              0.0099571,              0.0099571,              0.0099571
                     29,                 2.0686,                 1.1421,                0.92142,                0.63496,                0.52318,                0.55334,                0.21287,                 2.1522,                 1.2295,                0.95081,              0.0099555,              0.0099555,              0.0099555
                     30,                 2.0258,                  1.112,                 0.9133,                 0.6966,                0.60984,                0.65015,                 0.2487,                 2.0936,                  1.138,                 0.9413,              0.0099538,              0.0099538,              0.0099538
                     31,                 2.0697,                 1.1481,                0.91706,                0.59979,                0.45838,                0.45853,                0.12552,                 2.6485,                 1.3922,                 1.0012,              0.0099521,              0.0099521,              0.0099521
                     32,                 2.0025,                 1.0912,                0.90583,                0.44001,                0.36037,                0.31878,                0.08062,                 2.9177,                 1.5935,                 1.0626,              0.0099505,              0.0099505,              0.0099505
                     33,                      2,                 1.1054,                0.91447,                0.69381,                0.59061,                0.63645,                0.23762,                  2.147,                 1.1198,                0.94699,              0.0099489,              0.0099489,              0.0099489
                     34,                 1.9872,                 1.0904,                0.90794,                0.67711,                0.55889,                0.60363,                0.22056,                 2.2529,                 1.1944,                0.96895,              0.0099472,              0.0099472,              0.0099472
                     35,                 1.9956,                 1.1042,                0.90693,                0.66458,                0.56496,                0.59768,                0.20103,                 2.4464,                 1.3003,                0.98836,              0.0099456,              0.0099456,              0.0099456
                     36,                 1.9905,                 1.0961,                0.91001,                0.66536,                0.55743,                0.59002,                0.20373,                 2.3188,                 1.2764,                0.98486,              0.0099439,              0.0099439,              0.0099439
                     37,                 1.9784,                 1.0822,                0.90275,                0.71129,                   0.62,                0.66316,                0.25171,                 2.0689,                 1.1183,                0.93611,              0.0099422,              0.0099422,              0.0099422
                     38,                  1.965,                 1.0827,                0.90448,                0.73869,                0.63537,                0.69368,                0.28553,                 1.9442,                 1.0649,                0.91123,              0.0099406,              0.0099406,              0.0099406
                     39,                 1.9664,                 1.0613,                0.90905,                0.72012,                0.62223,                 0.6758,                0.27113,                 2.0186,                 1.0998,                0.92747,               0.009939,               0.009939,               0.009939
                     40,                 1.9667,                 1.0756,                0.90388,                0.75113,                0.64896,                0.71495,                0.29784,                 1.9379,                 1.0167,                0.91476,              0.0099373,              0.0099373,              0.0099373
                     41,                 1.9553,                 1.0527,                0.90324,                0.63265,                 0.5425,                0.55084,                0.17929,                 2.3539,                 1.2568,                 0.9774,              0.0099357,              0.0099357,              0.0099357
                     42,                 1.9496,                 1.0497,                0.90439,                0.75357,                0.66208,                0.72356,                0.29478,                 1.9405,                0.97065,                0.92012,               0.009934,               0.009934,               0.009934
                     43,                 1.9405,                  1.055,                0.89885,                0.74788,                0.62306,                0.69393,                0.30217,                 1.9275,                 1.0892,                 0.9235,              0.0099323,              0.0099323,              0.0099323
                     44,                 1.9582,                  1.064,                0.90165,                0.73109,                0.61997,                0.68078,                0.27739,                 1.9622,                 1.0886,                0.92087,              0.0099307,              0.0099307,              0.0099307
                     45,                 1.9321,                  1.034,                0.90462,                0.68544,                0.58044,                0.63184,                0.23921,                 2.1156,                 1.1665,                0.94142,              0.0099291,              0.0099291,              0.0099291
                     46,                 1.9096,                 1.0195,                0.89837,                0.72628,                0.61266,                0.67635,                0.26615,                 2.0378,                 1.0795,                0.92993,              0.0099274,              0.0099274,              0.0099274
                     47,                 1.9236,                 1.0322,                0.89301,                0.66089,                0.56912,                0.60502,                0.21095,                 2.2008,                 1.2069,                0.95429,              0.0099258,              0.0099258,              0.0099258
                     48,                 1.8968,                 1.0256,                0.89937,                0.68449,                0.57692,                0.62491,                 0.2461,                 2.0581,                 1.1954,                0.94543,              0.0099241,              0.0099241,              0.0099241
                     49,                 1.9091,                 1.0268,                0.89417,                0.76955,                0.67111,                0.74548,                 0.3559,                 1.7943,                0.92021,                0.90206,              0.0099224,              0.0099224,              0.0099224
                     50,                 1.9026,                 1.0149,                0.89513,                0.68119,                 0.5661,                0.61332,                0.23182,                 2.1708,                 1.1395,                0.96233,              0.0099208,              0.0099208,              0.0099208
                     51,                 1.8973,                 1.0203,                0.89644,                0.70145,                0.59526,                0.64907,                0.24511,                 2.1077,                 1.1266,                0.94599,              0.0099191,              0.0099191,              0.0099191
                     52,                 1.8883,                 1.0166,                0.89592,                0.72161,                0.60093,                0.66137,                0.24738,                 2.1505,                  1.146,                0.94153,              0.0099175,              0.0099175,              0.0099175
                     53,                 1.8829,                 1.0081,                0.89265,                0.78407,                0.68947,                0.76378,                0.34085,                 1.8438,                0.93608,                0.90676,              0.0099159,              0.0099159,              0.0099159
                     54,                 1.8705,                 1.0011,                0.89234,                0.73529,                0.61236,                0.68628,                0.27687,                 2.0118,                    1.1,                0.93329,              0.0099142,              0.0099142,              0.0099142
                     55,                 1.8828,                 1.0044,                0.89155,                0.74936,                 0.6215,                0.69712,                0.29662,                 1.9458,                 1.0728,                0.92128,              0.0099126,              0.0099126,              0.0099126
                     56,                 1.8688,                0.98778,                0.89724,                0.65866,                 0.5197,                0.56706,                0.21719,                 2.1163,                 1.3714,                0.94648,              0.0099109,              0.0099109,              0.0099109
                     57,                 1.8369,                0.98003,                0.88737,                0.75955,                0.66102,                0.73239,                0.31663,                 1.9571,                0.96776,                0.92142,              0.0099093,              0.0099093,              0.0099093
                     58,                 1.8476,                0.97993,                 0.8874,                0.74332,                0.62547,                0.69619,                0.27429,                 2.0673,                 1.0557,                0.93079,              0.0099076,              0.0099076,              0.0099076
                     59,                 1.8319,                 0.9719,                0.88735,                0.69533,                0.59564,                0.64237,                 0.2285,                  2.265,                 1.0761,                0.96704,               0.009906,               0.009906,               0.009906
                     60,                 1.8586,                0.98235,                0.89258,                0.77533,                0.66791,                0.73979,                0.31991,                 1.9179,                0.97652,                0.91816,              0.0099043,              0.0099043,              0.0099043
                     61,                 1.8397,                0.96034,                0.88655,                0.74441,                0.65424,                 0.7145,                 0.2925,                 2.0117,                0.98012,                 0.9231,              0.0099026,              0.0099026,              0.0099026
                     62,                 1.8133,                0.95139,                0.88325,                0.77997,                0.69942,                0.76787,                0.33609,                 1.9205,                0.91193,                0.91526,               0.009901,               0.009901,               0.009901
                     63,                 1.8254,                0.96917,                0.88514,                0.74502,                0.65215,                0.71496,                0.29488,                 2.0152,                 1.0073,                0.92974,              0.0098993,              0.0098993,              0.0098993
                     64,                 1.8173,                0.95239,                0.88643,                0.78001,                0.68297,                0.75874,                0.34523,                 1.8131,                0.95131,                0.90392,              0.0098977,              0.0098977,              0.0098977
                     65,                 1.8229,                 0.9579,                0.88736,                0.78936,                0.69752,                0.77335,                0.34998,                 1.8408,                0.89456,                0.89897,              0.0098961,              0.0098961,              0.0098961
                     66,                 1.8024,                0.94353,                0.88017,                0.69517,                 0.6099,                0.64963,                0.22768,                 2.2524,                 1.0925,                0.97258,              0.0098944,              0.0098944,              0.0098944
                     67,                 1.8147,                0.94004,                0.88496,                0.72598,                 0.6124,                0.67773,                0.26455,                 2.0682,                 1.0961,                0.93652,              0.0098928,              0.0098928,              0.0098928
                     68,                 1.8163,                0.94726,                0.88955,                 0.7754,                 0.6752,                0.74966,                0.33598,                 1.8521,                0.95272,                0.90725,              0.0098911,              0.0098911,              0.0098911
                     69,                 1.7963,                0.95187,                0.87721,                0.78113,                 0.6958,                0.76212,                0.33684,                 1.8935,                0.89156,                0.91105,              0.0098894,              0.0098894,              0.0098894
                     70,                  1.812,                0.94647,                0.88688,                0.76398,                0.67749,                 0.7481,                0.33283,                 1.9136,                0.95458,                0.92279,              0.0098878,              0.0098878,              0.0098878
                     71,                 1.7984,                0.93842,                0.88332,                 0.7777,                0.68254,                 0.7546,                0.32112,                 1.9591,                0.95256,                0.91903,              0.0098861,              0.0098861,              0.0098861
                     72,                 1.7801,                0.93483,                0.88429,                0.77318,                0.66721,                0.74621,                0.31445,                   1.96,                0.95557,                0.92583,              0.0098845,              0.0098845,              0.0098845
                     73,                 1.7922,                0.93291,                0.88529,                0.79076,                0.70491,                 0.7809,                0.36742,                 1.7932,                 0.8586,                0.89478,              0.0098829,              0.0098829,              0.0098829
                     74,                 1.7974,                0.94624,                0.88086,                0.77279,                0.66291,                0.73778,                0.32532,                   1.87,                0.95046,                0.91461,              0.0098812,              0.0098812,              0.0098812
                     75,                  1.795,                 0.9311,                0.88447,                 0.7615,                0.66758,                0.73515,                0.30707,                 1.9603,                0.98434,                0.92144,              0.0098796,              0.0098796,              0.0098796
                     76,                 1.7882,                0.93161,                 0.8821,                0.77218,                0.69005,                0.75245,                0.31016,                 1.9452,                0.91729,                0.91409,              0.0098779,              0.0098779,              0.0098779
                     77,                  1.788,                0.92115,                0.88362,                0.78975,                0.68211,                0.76618,                0.34867,                 1.7959,                0.93474,                0.89776,              0.0098763,              0.0098763,              0.0098763
                     78,                 1.7779,                0.92579,                0.88285,                0.69474,                0.58486,                 0.6439,                 0.2376,                 2.2088,                 1.1268,                0.96232,              0.0098746,              0.0098746,              0.0098746
                     79,                 1.7788,                0.92087,                0.87802,                0.71193,                0.58523,                0.65219,                0.23871,                 2.1757,                 1.1263,                0.95131,               0.009873,               0.009873,               0.009873
                     80,                 1.7926,                0.93541,                0.88083,                 0.7337,                0.62053,                0.69183,                0.29149,                 1.9494,                 1.0748,                0.92155,              0.0098713,              0.0098713,              0.0098713
                     81,                   1.76,                0.91616,                0.87867,                0.75421,                0.66838,                 0.7309,                0.29746,                 1.9679,                0.95148,                0.91754,              0.0098697,              0.0098697,              0.0098697
                     82,                  1.755,                0.92375,                0.87637,                0.79645,                0.70304,                0.77977,                0.35707,                 1.8001,                0.86955,                0.89637,               0.009868,               0.009868,               0.009868
                     83,                 1.7386,                0.90145,                0.87259,                0.72301,                 0.6304,                0.68782,                0.27481,                   2.08,                  1.052,                0.94228,              0.0098664,              0.0098664,              0.0098664
                     84,                 1.7607,                0.90906,                 0.8793,                0.79351,                0.70466,                0.77685,                0.33923,                 1.8951,                 0.9049,                0.90657,              0.0098647,              0.0098647,              0.0098647
                     85,                 1.7435,                0.90565,                0.88051,                0.77249,                0.66328,                0.74124,                0.32128,                 1.8989,                0.93085,                0.91473,               0.009863,               0.009863,               0.009863
                     86,                 1.7474,                0.90609,                 0.8777,                0.78794,                0.70603,                0.77977,                0.35217,                 1.8733,                0.87766,                0.90869,              0.0098614,              0.0098614,              0.0098614
                     87,                 1.7245,                0.89153,                0.87311,                0.80165,                0.71898,                0.79307,                0.36313,                 1.7888,                 0.8621,                0.89367,              0.0098598,              0.0098598,              0.0098598
                     88,                 1.7611,                0.91323,                 0.8754,                0.77806,                0.70021,                0.77109,                0.34486,                 1.8498,                0.92176,                0.90062,              0.0098581,              0.0098581,              0.0098581
                     89,                 1.7416,                0.90069,                0.87818,                0.80543,                0.69805,                0.78096,                0.35715,                 1.8015,                0.86802,                0.90119,              0.0098565,              0.0098565,              0.0098565
                     90,                 1.7517,                0.90103,                0.87552,                0.75478,                0.64485,                0.72318,                0.30906,                 1.9638,                 1.0102,                0.92448,              0.0098548,              0.0098548,              0.0098548
                     91,                 1.7334,                0.89062,                 0.8793,                0.80471,                0.71878,                0.79332,                0.36593,                 1.8194,                0.85806,                0.90305,              0.0098531,              0.0098531,              0.0098531
                     92,                 1.7664,                0.90947,                0.88235,                0.74371,                0.64212,                0.70769,                0.28081,                 2.0268,                 1.0186,                0.93877,              0.0098515,              0.0098515,              0.0098515
                     93,                 1.7282,                0.89418,                0.87863,                0.79331,                0.70026,                0.77999,                0.36861,                 1.7781,                0.87373,                0.89616,              0.0098499,              0.0098499,              0.0098499
                     94,                 1.7444,                0.90597,                0.87855,                0.79904,                0.70842,                0.78501,                0.35926,                 1.8588,                0.86655,                0.90186,              0.0098482,              0.0098482,              0.0098482
                     95,                 1.7577,                0.90638,                0.87517,                0.81446,                0.73582,                 0.8163,                0.41254,                 1.6554,                0.80585,                 0.8771,              0.0098466,              0.0098466,              0.0098466
                     96,                 1.7418,                0.89399,                 0.8783,                 0.7816,                0.69981,                 0.7766,                0.35433,                 1.7914,                0.89847,                0.89463,              0.0098449,              0.0098449,              0.0098449
                     97,                 1.7539,                0.91814,                0.87962,                0.80534,                0.72733,                0.80033,                0.37423,                  1.764,                0.82083,                0.89362,              0.0098432,              0.0098432,              0.0098432
                     98,                 1.7275,                0.88736,                0.87517,                0.80275,                0.71127,                0.78736,                0.36224,                 1.8099,                0.88884,                0.89647,              0.0098416,              0.0098416,              0.0098416
                     99,                 1.7362,                0.89382,                0.87353,                0.78916,                0.70174,                0.77474,                0.33325,                 1.8434,                0.89707,                0.90096,                0.00984,                0.00984,                0.00984
                    100,                 1.7064,                0.87721,                0.87563,                0.76852,                0.66388,                0.73853,                0.30416,                 2.0159,                0.97495,                0.92474,              0.0098383,              0.0098383,              0.0098383
                    101,                 1.7197,                0.88564,                0.87563,                 0.8077,                0.71776,                0.79731,                 0.3824,                 1.7664,                0.87847,                0.89368,              0.0098367,              0.0098367,              0.0098367
                    102,                 1.7116,                0.88146,                0.87323,                0.79039,                0.70244,                 0.7771,                0.34945,                  1.896,                0.87678,                0.91085,               0.009835,               0.009835,               0.009835
                    103,                 1.6947,                0.87027,                0.87338,                0.78296,                0.68822,                0.76507,                0.33907,                 1.9301,                0.88715,                0.91499,              0.0098333,              0.0098333,              0.0098333
                    104,                 1.7145,                0.87737,                0.87583,                0.76837,                0.66331,                0.74113,                 0.3095,                 2.0336,                0.95266,                0.93051,              0.0098317,              0.0098317,              0.0098317
                    105,                 1.6916,                0.87275,                0.87179,                 0.7869,                0.70143,                0.77506,                0.36058,                 1.7942,                0.87292,                0.90366,                0.00983,                0.00983,                0.00983
                    106,                 1.7185,                0.88693,                0.87647,                0.80529,                 0.7399,                0.81232,                0.39937,                 1.7006,                0.80305,                0.88884,              0.0098284,              0.0098284,              0.0098284
                    107,                 1.6834,                0.85985,                0.86977,                0.80405,                0.71151,                0.79079,                 0.3651,                 1.8344,                0.83806,                0.90131,              0.0098268,              0.0098268,              0.0098268
                    108,                 1.7242,                0.87866,                0.87738,                0.78662,                0.71455,                 0.7864,                0.35419,                 1.8257,                0.85902,                0.90156,              0.0098251,              0.0098251,              0.0098251
                    109,                 1.6922,                0.87125,                0.86668,                0.77145,                0.69498,                 0.7619,                0.31046,                 2.0174,                0.89836,                0.92933,              0.0098234,              0.0098234,              0.0098234
                    110,                  1.691,                0.86824,                0.87046,                0.77905,                0.70008,                0.77151,                0.34108,                 1.8612,                  0.892,                0.90271,              0.0098218,              0.0098218,              0.0098218
                    111,                 1.7018,                0.87528,                0.87409,                0.80519,                0.72347,                0.79914,                0.36013,                 1.8248,                0.83427,                0.89857,              0.0098201,              0.0098201,              0.0098201
                    112,                 1.7142,                0.88676,                0.87249,                0.81737,                 0.7388,                0.81415,                  0.388,                 1.7463,                0.81493,                0.88754,              0.0098185,              0.0098185,              0.0098185
                    113,                 1.7038,                 0.8738,                0.87235,                0.80941,                0.71738,                0.79647,                0.36256,                 1.8581,                0.86211,                0.90721,              0.0098169,              0.0098169,              0.0098169
                    114,                 1.7048,                0.87555,                0.87243,                0.80234,                0.72801,                  0.802,                0.38119,                 1.7843,                 0.8415,                0.89147,              0.0098152,              0.0098152,              0.0098152
                    115,                  1.703,                0.87512,                0.87323,                0.82079,                0.73384,                0.81342,                0.40005,                 1.7136,                0.78627,                0.88414,              0.0098136,              0.0098136,              0.0098136
                    116,                 1.6873,                0.86342,                0.87253,                0.80148,                0.71299,                0.78962,                0.34931,                 1.8801,                0.86401,                0.91176,              0.0098119,              0.0098119,              0.0098119
                    117,                  1.698,                0.87585,                0.87253,                0.77915,                0.68819,                0.76333,                0.31126,                 2.0022,                0.92264,                0.92513,              0.0098103,              0.0098103,              0.0098103
                    118,                 1.6791,                0.85721,                0.86947,                0.81867,                0.73956,                0.81742,                 0.3898,                 1.7739,                0.80989,                0.89183,              0.0098086,              0.0098086,              0.0098086
                    119,                 1.6872,                0.86143,                0.86983,                   0.78,                0.67753,                0.75513,                0.30872,                 2.0019,                0.93646,                0.92756,               0.009807,               0.009807,               0.009807
                    120,                 1.7041,                0.87069,                0.87106,                0.81839,                0.71768,                0.80281,                 0.3699,                  1.814,                0.83877,                0.89811,              0.0098053,              0.0098053,              0.0098053
                    121,                  1.679,                0.86535,                0.86746,                0.82945,                 0.7587,                0.83307,                0.42872,                 1.6107,                0.76246,                0.87443,              0.0098036,              0.0098036,              0.0098036
                    122,                 1.6686,                0.85525,                0.87271,                0.79985,                0.70476,                0.78397,                0.33464,                 1.9342,                0.86277,                0.91728,               0.009802,               0.009802,               0.009802
                    123,                  1.648,                 0.8321,                0.86486,                0.80059,                0.69636,                0.78259,                0.34373,                  1.911,                0.90388,                0.91453,              0.0098003,              0.0098003,              0.0098003
                    124,                 1.6702,                0.84235,                0.87472,                0.80694,                0.72369,                0.80459,                0.37643,                 1.7593,                0.82013,                0.89322,              0.0097987,              0.0097987,              0.0097987
                    125,                 1.6769,                0.85562,                0.86782,                0.80314,                0.72142,                0.79977,                0.36223,                 1.8639,                0.83649,                0.90942,               0.009797,               0.009797,               0.009797
                    126,                   1.68,                0.85628,                0.86655,                0.80295,                0.71228,                0.78918,                0.33168,                 1.9577,                 0.8543,                0.91466,              0.0097954,              0.0097954,              0.0097954
                    127,                 1.6744,                0.84836,                0.86897,                0.82595,                0.74625,                0.82547,                0.40335,                 1.7069,                0.77328,                0.88385,              0.0097938,              0.0097938,              0.0097938
                    128,                 1.6861,                0.85727,                0.87399,                0.78873,                0.69399,                 0.7699,                0.33573,                 1.9526,                0.89483,                0.92046,              0.0097921,              0.0097921,              0.0097921
                    129,                 1.6536,                0.84304,                0.86575,                0.82429,                0.74744,                0.82567,                0.40135,                  1.697,                 0.7756,                0.88367,              0.0097905,              0.0097905,              0.0097905
                    130,                 1.6629,                0.84168,                0.86446,                0.79236,                0.71394,                 0.7873,                0.34507,                 1.8884,                0.87261,                0.91068,              0.0097888,              0.0097888,              0.0097888
                    131,                 1.6565,                0.83269,                0.86763,                0.81405,                0.72313,                0.80442,                0.36837,                 1.8274,                0.84445,                0.90299,              0.0097871,              0.0097871,              0.0097871
                    132,                 1.6793,                0.85665,                0.87381,                0.82482,                0.74062,                0.82153,                0.40178,                 1.7189,                0.79756,                0.89293,              0.0097855,              0.0097855,              0.0097855
                    133,                 1.6444,                0.83537,                0.86763,                0.82122,                0.72708,                 0.8078,                0.38303,                 1.7586,                0.81146,                0.89044,              0.0097839,              0.0097839,              0.0097839
                    134,                 1.6384,                0.82777,                0.86601,                0.81637,                0.73019,                0.80694,                0.37573,                 1.7855,                0.80639,                  0.896,              0.0097822,              0.0097822,              0.0097822
                    135,                  1.663,                 0.8484,                0.86534,                0.77618,                0.68968,                0.76355,                0.31758,                 1.9335,                0.90673,                0.91826,              0.0097806,              0.0097806,              0.0097806
                    136,                 1.6563,                0.84583,                0.86893,                0.82867,                0.75385,                0.82809,                0.40886,                 1.6872,                0.78321,                0.88152,              0.0097789,              0.0097789,              0.0097789
                    137,                 1.6572,                0.84515,                0.86731,                0.81341,                0.72619,                0.80517,                0.37479,                 1.8098,                0.82573,                0.90162,              0.0097773,              0.0097773,              0.0097773
                    138,                 1.6602,                0.84077,                0.86355,                0.80713,                0.72605,                0.80495,                0.36768,                 1.7784,                0.82171,                0.89477,              0.0097756,              0.0097756,              0.0097756
                    139,                 1.6331,                 0.8278,                0.86768,                0.78334,                0.68738,                0.76705,                0.32372,                 1.9587,                0.92584,                0.91908,              0.0097739,              0.0097739,              0.0097739
                    140,                 1.6598,                0.83756,                0.86759,                 0.8107,                0.72937,                0.80586,                0.36207,                 1.8299,                 0.8238,                0.90051,              0.0097723,              0.0097723,              0.0097723
                    141,                 1.6366,                0.82783,                0.86223,                0.83247,                0.74675,                 0.8289,                0.40684,                 1.7061,                0.76825,                 0.8838,              0.0097707,              0.0097707,              0.0097707
                    142,                 1.6349,                0.84377,                0.86619,                0.80065,                0.71277,                0.79341,                0.36065,                   1.84,                0.83755,                0.90175,               0.009769,               0.009769,               0.009769
                    143,                 1.6227,                0.81839,                0.86474,                0.82232,                0.73605,                0.81825,                0.38111,                 1.7548,                 0.7875,                0.88583,              0.0097674,              0.0097674,              0.0097674
                    144,                 1.6397,                0.82675,                0.85793,                0.83315,                0.74932,                0.83248,                0.40323,                 1.6901,                0.76626,                0.88129,              0.0097657,              0.0097657,              0.0097657
                    145,                 1.6356,                0.82457,                0.86418,                0.81955,                0.74419,                0.82318,                0.39235,                  1.757,                0.79986,                0.89211,               0.009764,               0.009764,               0.009764
                    146,                 1.6448,                0.83526,                0.86622,                0.83338,                0.75837,                0.83585,                0.41015,                 1.7367,                0.77971,                0.88755,              0.0097624,              0.0097624,              0.0097624
                    147,                 1.6396,                0.83375,                0.86878,                0.81461,                0.71141,                0.80071,                0.36884,                 1.8434,                0.84762,                0.90395,              0.0097608,              0.0097608,              0.0097608
                    148,                 1.6674,                0.84445,                 0.8663,                0.81168,                0.72048,                0.80314,                0.36713,                 1.8478,                0.84832,                0.90641,              0.0097591,              0.0097591,              0.0097591
                    149,                  1.618,                0.82581,                0.86072,                0.81055,                0.72177,                 0.8037,                0.37122,                 1.8142,                0.82532,                0.89462,              0.0097575,              0.0097575,              0.0097575
                    150,                 1.6334,                0.83194,                0.86229,                0.82714,                0.73735,                0.82218,                0.39083,                 1.7274,                0.79115,                0.88534,              0.0097558,              0.0097558,              0.0097558
                    151,                 1.6488,                0.83284,                0.86348,                 0.8218,                0.73994,                0.81692,                0.37552,                 1.7751,                0.79363,                 0.8893,              0.0097541,              0.0097541,              0.0097541
                    152,                 1.6265,                0.82483,                0.86009,                 0.8277,                0.74369,                0.82356,                0.38823,                 1.7355,                0.77988,                0.88782,              0.0097525,              0.0097525,              0.0097525
                    153,                 1.6242,                0.82897,                0.86108,                0.83324,                0.74134,                0.82645,                0.39197,                 1.7316,                0.78524,                0.88943,              0.0097509,              0.0097509,              0.0097509
                    154,                  1.629,                0.82093,                0.86161,                0.82508,                0.73754,                0.82026,                0.38749,                 1.7581,                0.79572,                0.88954,              0.0097492,              0.0097492,              0.0097492
                    155,                 1.5991,                0.81345,                0.86321,                 0.8305,                0.74847,                0.83303,                0.41859,                 1.6753,                0.77011,                 0.8827,              0.0097476,              0.0097476,              0.0097476
                    156,                  1.631,                0.83204,                 0.8682,                0.83962,                0.75498,                 0.8354,                0.40459,                 1.6937,                0.77029,                0.88276,              0.0097459,              0.0097459,              0.0097459
                    157,                 1.6273,                0.82371,                 0.8654,                  0.827,                0.72304,                0.81179,                0.36889,                 1.8341,                0.82991,                0.90306,              0.0097442,              0.0097442,              0.0097442
                    158,                 1.6278,                0.82383,                0.86469,                0.81548,                0.72834,                0.80975,                0.36656,                 1.8371,                0.82716,                0.90088,              0.0097426,              0.0097426,              0.0097426
                    159,                 1.6253,                0.81932,                0.86132,                0.80312,                0.70958,                0.79009,                0.33964,                 1.9331,                0.86617,                0.91422,              0.0097409,              0.0097409,              0.0097409
                    160,                 1.6365,                  0.824,                0.86015,                0.81101,                0.71721,                0.79851,                0.34658,                 1.9165,                0.84934,                0.91152,              0.0097393,              0.0097393,              0.0097393
                    161,                 1.6458,                0.82453,                0.86646,                0.84536,                0.75897,                0.84429,                0.42128,                 1.6624,                0.75425,                0.87944,              0.0097377,              0.0097377,              0.0097377
                    162,                 1.6181,                 0.8265,                 0.8619,                0.81275,                0.71821,                0.80364,                0.34859,                 1.9199,                0.84737,                0.91653,               0.009736,               0.009736,               0.009736
                    163,                 1.6119,                0.82705,                0.86104,                0.82441,                0.72539,                0.81445,                0.37451,                 1.7933,                 0.8131,                 0.8964,              0.0097343,              0.0097343,              0.0097343
                    164,                  1.622,                0.81315,                0.86233,                0.83325,                0.75583,                0.83308,                0.40383,                 1.6985,                0.76061,                0.88286,              0.0097327,              0.0097327,              0.0097327
                    165,                 1.6189,                0.82441,                0.86402,                0.83003,                0.74698,                0.82702,                 0.3892,                 1.7589,                0.78712,                0.89356,               0.009731,               0.009731,               0.009731
                    166,                 1.5942,                0.80254,                0.86001,                0.83121,                0.74226,                0.82642,                 0.4017,                 1.7143,                0.78174,                0.88751,              0.0097294,              0.0097294,              0.0097294
                    167,                 1.6034,                0.80253,                0.86219,                0.83452,                0.75341,                0.83434,                0.41141,                 1.7094,                0.76715,                0.88595,              0.0097278,              0.0097278,              0.0097278
                    168,                 1.5936,                0.80445,                 0.8571,                0.83768,                0.76717,                0.84416,                0.42113,                  1.646,                0.74261,                 0.8745,              0.0097261,              0.0097261,              0.0097261
                    169,                 1.6214,                0.81433,                0.86333,                 0.8306,                0.75415,                0.83276,                0.39488,                 1.7582,                0.77333,                0.88867,              0.0097245,              0.0097245,              0.0097245
                    170,                 1.5809,                0.79089,                0.86456,                0.83912,                0.76089,                 0.8402,                0.42088,                  1.668,                0.74851,                0.88017,              0.0097228,              0.0097228,              0.0097228
                    171,                   1.61,                0.80953,                0.86347,                0.84477,                0.76295,                0.84434,                 0.4247,                 1.6542,                0.73927,                0.87626,              0.0097211,              0.0097211,              0.0097211
